[
    { "Name":"Programove Vybaveni - Cviceni", "Shortcut": "PV ", "Teacher": {"shortcut":"Re/Ma","name":"Mgr. Alena Reichlova & Ing. Ondrej Mandik","title":""}, "Hours": 2, "Classrooms": {"id":"18b","floor":3}, "Lab": 1},
    { "Name":"Programove Vybaveni - Teorie", "Shortcut": "PV ", "Teacher": {"shortcut":"Re","name":"Alena Reichlova","title":"Mgr."}, "Hours": 1, "Classrooms": [{"id":"24","floor":4}], "Lab": 0},
    { "Name":"Pocitacove systemy a site - Cviceni", "Shortcut": "PSS", "Teacher": {"shortcut":"Mo","name":"Jan Molic","title":""}, "Hours": 2, "Classrooms": [{"id":"8a","floor":2}], "Lab": 1},
    { "Name":"Pocitacove systemy a site - Teorie", "Shortcut": "PSS", "Teacher": {"shortcut":"Ma","name":"Lukas Masopust","title":"Ing.."}, "Hours": 1, "Classrooms": [{"id":"24","floor":4}], "Lab": 0},
    { "Name":"Cesky Jazyk", "Shortcut": "C", "Teacher": {"shortcut":"Su","name":"Kristina Studenkova","title":"MUDr."}, "Hours": 3, "Classrooms": [{"id":"24","floor":4}], "Lab": 0},
    { "Name":"Aplikovana Matematika", "Shortcut": "AM ", "Teacher": {"shortcut":"Kl","name":"Filip Kallmunzer","title":"Ing."}, "Hours": 2, "Classrooms": [{"id":"24","floor":4}], "Lab": 0},
    { "Name":"Anglicky Jazyk", "Shortcut": "A", "Teacher": {"shortcut":"Pa","name":"Sarka Paltikova","title":"Bc. Ing."}, "Hours": 4, "Classrooms": [{"id":"24","floor":4},{"id":"5b","floor":1},{"id":"5a","floor":1}], "Lab":0},
    { "Name":"Telocvik", "Shortcut": "TV ", "Teacher": "Mgr. Pavel Lopocha", "Hours": 2, "Classrooms": [{"id":"TV","floor":0}], "Lab":1},
    { "Name":"Webove Aplikace - Cviceni", "Shortcut": "WA ", "Teacher": {"shortcut":"Pv/Na","name":"Jan Pavlat & Nykyta Narusevych","title":"Mgr."}, "Hours": 2, "Classrooms": [{"id":"17b","floor":3}], "Lab":1},  
    { "Name":"Webove Aplikace - Teorie", "Shortcut": "WA ", "Teacher": {"shortcut":"Pv","name":"Jan Pavlat","title":"Mgr."}, "Hours": 1, "Classrooms": [{"id":"24","floor":4}], "Lab":0},  
    { "Name":"Matematika", "Shortcut": "M  ", "Teacher": {"shortcut":"Ne","name":"Eva Neugebaurova","title":"Mgr."}, "Hours": 4, "Classrooms": [{"id":"24","floor":4}], "Lab":0},
    { "Name":"Databazove Systemy - Cviceni", "Shortcut": "DS ", "Teacher": {"shortcut":"Ka","name":"Ivana Kantnerova","title":"Ing."}, "Hours": 2, "Classrooms": [{"id":"18a","floor":3}], "Lab":1},
    { "Name":"Databazove Systemy - Teorie", "Shortcut": "DS ", "Teacher": {"shortcut":"ka","name":"Ivana Kantnerova","title":"ng."}, "Hours": 1, "Classrooms": [{"id":"24","floor":4}], "Lab":0},
    { "Name":"Pocitacove Informacni Systemy - Cviceni", "Shortcut": "PIS", "Teacher": {"shortcut":"Br/No","name":"Lucie Brcakova & Vit Nohejl","title":"Ing."}, "Hours": 2, "Classrooms": [{"id":"19a","floor":3}], "Lab": 1},
    { "Name":"Pocitacove Informacni Systemy - Teorie", "Shortcut": "PIS", "Teacher": {"shortcut":"Br","name":"Lucie Brcakova","title":"Ing."}, "Hours": 2, "Classrooms": [{"id":"24","floor":4}], "Lab": 0},
    { "Name":"Technicky Projekt", "Shortcut": "TP ", "Teacher": {"shortcut":"No","name":"Vit Nohejl","title":"Ing."}, "Hours": 1, "Classrooms": [{"id":"24","floor":4}], "Lab": 0},
    { "Name":"Cviceni ze spravy IT", "Shortcut": "CIT", "Teacher": {"shortcut":"Mz","name":"Jakub Mazuch","title":"Mgr."}, "Hours": 2, "Classrooms": [{"id":"19c","floor":3}], "Lab": 1}
  ]
